num_healthy_workers,num_in_flight_async_sample_reqs,num_remote_worker_restarts,num_agent_steps_sampled,num_agent_steps_trained,num_env_steps_sampled,num_env_steps_trained,num_env_steps_sampled_this_iter,num_env_steps_trained_this_iter,num_env_steps_sampled_throughput_per_sec,num_env_steps_trained_throughput_per_sec,timesteps_total,num_env_steps_sampled_lifetime,num_agent_steps_sampled_lifetime,num_steps_trained_this_iter,agent_timesteps_total,done,training_iteration,trial_id,date,timestamp,time_this_iter_s,time_total_s,pid,hostname,node_ip,time_since_restore,iterations_since_restore,info/num_env_steps_sampled,info/num_env_steps_trained,info/num_agent_steps_sampled,info/num_agent_steps_trained,info/num_training_step_calls_since_last_synch_worker_weights,env_runners/episode_reward_max,env_runners/episode_reward_min,env_runners/episode_reward_mean,env_runners/episode_len_mean,env_runners/episodes_timesteps_total,env_runners/num_faulty_episodes,env_runners/num_episodes,env_runners/episode_return_max,env_runners/episode_return_min,env_runners/episode_return_mean,env_runners/episodes_this_iter,timers/training_iteration_time_ms,timers/restore_workers_time_ms,timers/training_step_time_ms,timers/sample_time_ms,timers/synch_weights_time_ms,counters/num_env_steps_sampled,counters/num_env_steps_trained,counters/num_agent_steps_sampled,counters/num_agent_steps_trained,counters/num_training_step_calls_since_last_synch_worker_weights,perf/cpu_util_percent,perf/ram_util_percent,info/learner_queue/size_count,info/learner_queue/size_mean,info/learner_queue/size_std,info/learner_queue/size_quantiles,info/timing_breakdown/learner_grad_time_ms,info/timing_breakdown/learner_load_time_ms,info/timing_breakdown/learner_load_wait_time_ms,info/timing_breakdown/learner_dequeue_time_ms,env_runners/hist_stats/episode_reward,env_runners/hist_stats/episode_lengths
25,50,0,0,0,0,0,0,0,0.0,0.0,0,0,0,0,0,False,1,de35c_00000,2024-09-02_13-01-12,1725249672,39.269312620162964,39.269312620162964,206549,v1,143.248.233.21,39.269312620162964,1,0,0,0,0,46344,nan,nan,nan,nan,0,0,0,nan,nan,nan,0,10000.317,0.008,0.196,0.172,0.006,0,0,0,0,46344,68.25714285714285,61.6875,0,nan,nan,1.0,0.0,0.0,0.0,0.0,[],[]
25,50,0,68608,43520,25600,43520,25600,43520,2559.9884033728445,4351.980285733836,25600,25600,68608,43520,68608,False,2,de35c_00000,2024-09-02_13-01-59,1725249719,46.7825665473938,86.05187916755676,206549,v1,143.248.233.21,86.05187916755676,2,25600,43520,68608,43520,42233,1.6697754290362354e-13,0.0,1.517977662760214e-14,1026.1818181818182,11288,0,11,1.6697754290362354e-13,0.0,1.517977662760214e-14,11,10000.186,0.007,0.154,0.109,0.01,25600,43520,68608,43520,42233,50.26119402985075,63.191044776119405,4,0.0,0.0,"[0.0, 0.0, 0.0, 0.0, 0.0]",150.158,931.847,11224.075,40710.55,"[0.0, 0.0, 0.0, 0.0, 0.0, 0.0, 0.0, 1.6697754290362354e-13, 0.0, 0.0, 0.0]","[1026, 1026, 1026, 1026, 1026, 1026, 1027, 1026, 1026, 1027, 1026]"
25,50,0,149478,95718,51200,95718,25600,52198,2559.993896498927,5219.787555056679,51200,51200,149478,52198,149478,False,3,de35c_00000,2024-09-02_13-02-50,1725249770,50.515127658843994,136.56700682640076,206549,v1,143.248.233.21,136.56700682640076,3,51200,95718,149478,95718,45773,4.218847493575595e-13,-2.220446049250313e-16,6.489650087157121e-14,1537.8214285714287,43059,0,17,4.218847493575595e-13,-2.220446049250313e-16,6.489650087157121e-14,17,10000.136,0.006,0.15,0.106,0.01,51200,95718,149478,95718,45773,50.44583333333334,63.254166666666656,8,0.0,0.0,"[0.0, 0.0, 0.0, 0.0, 0.0]",129.297,931.847,11357.96,40710.55,"[0.0, 0.0, 0.0, 0.0, 0.0, 0.0, 0.0, 1.6697754290362354e-13, 0.0, 0.0, 0.0, 4.2099657093785936e-13, 0.0, 3.3306690738754696e-16, 0.0, 0.0, 2.220446049250313e-16, -2.220446049250313e-16, 4.063416270128073e-13, 1.1102230246251565e-16, 0.0, 0.0, 4.001243780749064e-13, 1.1102230246251565e-16, 0.0, 4.218847493575595e-13, 0.0, 2.220446049250313e-16]","[1026, 1026, 1026, 1026, 1026, 1026, 1027, 1026, 1026, 1027, 1026, 2050, 2050, 2050, 1024, 1023, 2050, 2050, 2050, 2050, 2050, 2050, 2050, 2050, 1024, 2050, 2050, 2050]"
25,50,0,228806,145243,76800,145243,25600,49525,2559.9862671635124,4952.473432862224,76800,76800,228806,49525,228806,False,4,de35c_00000,2024-09-02_13-03-37,1725249817,47.33302974700928,183.90003657341003,206549,v1,143.248.233.21,183.90003657341003,4,76800,145243,228806,145243,44027,4.218847493575595e-13,-3.3306690738754696e-16,7.321017177499143e-14,1549.0697674418604,66610,0,15,4.218847493575595e-13,-3.3306690738754696e-16,7.321017177499143e-14,15,10000.117,0.006,0.144,0.101,0.01,76800,145243,228806,145243,44027,52.670149253731346,63.40298507462686,12,0.0,0.0,"[0.0, 0.0, 0.0, 0.0, 0.0]",130.289,941.221,9807.921,68574.796,"[0.0, 0.0, 0.0, 0.0, 0.0, 0.0, 0.0, 1.6697754290362354e-13, 0.0, 0.0, 0.0, 4.2099657093785936e-13, 0.0, 3.3306690738754696e-16, 0.0, 0.0, 2.220446049250313e-16, -2.220446049250313e-16, 4.063416270128073e-13, 1.1102230246251565e-16, 0.0, 0.0, 4.001243780749064e-13, 1.1102230246251565e-16, 0.0, 4.218847493575595e-13, 0.0, 2.220446049250313e-16, 3.801403636316536e-13, 3.11972669919669e-13, -2.220446049250313e-16, 1.1102230246251565e-16, 2.220446049250313e-16, 0.0, 0.0, 1.4921397450962104e-13, -3.3306690738754696e-16, 2.602362769721367e-13, 0.0, 0.0, 1.9828583219805296e-13, 3.1308289294429414e-14, 0.0]","[1026, 1026, 1026, 1026, 1026, 1026, 1027, 1026, 1026, 1027, 1026, 2050, 2050, 2050, 1024, 1023, 2050, 2050, 2050, 2050, 2050, 2050, 2050, 2050, 1024, 2050, 2050, 2050, 2048, 2048, 2048, 2048, 2048, 1024, 1024, 1024, 2048, 2048, 1024, 1024, 1024, 2047, 1024]"
24,50,0,306297,195317,102400,195317,25600,50074,2559.9683231458735,5007.338039578377,102400,102400,306297,50074,306297,False,5,de35c_00000,2024-09-02_13-04-26,1725249866,48.65108776092529,232.55112433433533,206549,v1,143.248.233.21,232.55112433433533,5,102400,195317,306297,195317,43937,4.3298697960381105e-13,-3.3306690738754696e-16,9.903982396102557e-14,1610.0357142857142,90162,0,13,4.3298697960381105e-13,-3.3306690738754696e-16,9.903982396102557e-14,13,10000.121,0.006,0.154,0.11,0.01,102400,195317,306297,195317,43937,47.15362318840579,62.75797101449277,16,0.0,0.0,"[0.0, 0.0, 0.0, 0.0, 0.0]",135.85,941.221,9880.335,68574.796,"[0.0, 0.0, 0.0, 0.0, 0.0, 0.0, 0.0, 1.6697754290362354e-13, 0.0, 0.0, 0.0, 4.2099657093785936e-13, 0.0, 3.3306690738754696e-16, 0.0, 0.0, 2.220446049250313e-16, -2.220446049250313e-16, 4.063416270128073e-13, 1.1102230246251565e-16, 0.0, 0.0, 4.001243780749064e-13, 1.1102230246251565e-16, 0.0, 4.218847493575595e-13, 0.0, 2.220446049250313e-16, 3.801403636316536e-13, 3.11972669919669e-13, -2.220446049250313e-16, 1.1102230246251565e-16, 2.220446049250313e-16, 0.0, 0.0, 1.4921397450962104e-13, -3.3306690738754696e-16, 2.602362769721367e-13, 0.0, 0.0, 1.9828583219805296e-13, 3.1308289294429414e-14, 0.0, 4.3298697960381105e-13, 0.0, -2.220446049250313e-16, 0.0, 3.3084646133829665e-13, 0.0, 3.2374103398069565e-13, 4.1944225870338414e-13, 1.1102230246251565e-16, 2.220446049250313e-16, 2.227107387398064e-13, 3.2596148002994596e-13, 3.423927807943983e-13]","[1026, 1026, 1026, 1026, 1026, 1026, 1027, 1026, 1026, 1027, 1026, 2050, 2050, 2050, 1024, 1023, 2050, 2050, 2050, 2050, 2050, 2050, 2050, 2050, 1024, 2050, 2050, 2050, 2048, 2048, 2048, 2048, 2048, 1024, 1024, 1024, 2048, 2048, 1024, 1024, 1024, 2047, 1024, 2048, 1024, 2048, 1024, 2048, 1024, 2048, 2048, 2048, 2048, 2048, 2048, 2048]"
25,40,2,406404,247445,132608,247445,30208,52128,1434.6874138447808,2475.7476664757924,132608,132608,406404,52128,406404,False,6,de35c_00000,2024-09-02_13-05-17,1725249917,50.85705304145813,283.40817737579346,206549,v1,143.248.233.21,283.40817737579346,6,132608,247445,406404,247445,0,4.3298697960381105e-13,-3.3306690738754696e-16,1.207218988311774e-13,1644.8732394366198,116786,0,15,4.3298697960381105e-13,-3.3306690738754696e-16,1.207218988311774e-13,15,11842.679,1896.015,209.626,3.13,7.605,132608,247445,406404,247445,0,48.354166666666664,63.48333333333332,21,0.0,0.0,"[0.0, 0.0, 0.0, 0.0, 0.0]",123.33,803.785,11172.427,77459.266,"[0.0, 0.0, 0.0, 0.0, 0.0, 0.0, 0.0, 1.6697754290362354e-13, 0.0, 0.0, 0.0, 4.2099657093785936e-13, 0.0, 3.3306690738754696e-16, 0.0, 0.0, 2.220446049250313e-16, -2.220446049250313e-16, 4.063416270128073e-13, 1.1102230246251565e-16, 0.0, 0.0, 4.001243780749064e-13, 1.1102230246251565e-16, 0.0, 4.218847493575595e-13, 0.0, 2.220446049250313e-16, 3.801403636316536e-13, 3.11972669919669e-13, -2.220446049250313e-16, 1.1102230246251565e-16, 2.220446049250313e-16, 0.0, 0.0, 1.4921397450962104e-13, -3.3306690738754696e-16, 2.602362769721367e-13, 0.0, 0.0, 1.9828583219805296e-13, 3.1308289294429414e-14, 0.0, 4.3298697960381105e-13, 0.0, -2.220446049250313e-16, 0.0, 3.3084646133829665e-13, 0.0, 3.2374103398069565e-13, 4.1944225870338414e-13, 1.1102230246251565e-16, 2.220446049250313e-16, 2.227107387398064e-13, 3.2596148002994596e-13, 3.423927807943983e-13, 2.220446049250313e-16, 4.1944225870338414e-13, 3.852473895449293e-13, 0.0, 4.2721381987576024e-13, 1.1102230246251565e-16, 0.0, 0.0, 4.2521541843143495e-13, 4.2166270475263445e-13, 4.178879464689089e-13, 3.965716643961059e-13, 0.0, 2.220446049250313e-16, 1.312283615106935e-13]","[1026, 1026, 1026, 1026, 1026, 1026, 1027, 1026, 1026, 1027, 1026, 2050, 2050, 2050, 1024, 1023, 2050, 2050, 2050, 2050, 2050, 2050, 2050, 2050, 1024, 2050, 2050, 2050, 2048, 2048, 2048, 2048, 2048, 1024, 1024, 1024, 2048, 2048, 1024, 1024, 1024, 2047, 1024, 2048, 1024, 2048, 1024, 2048, 1024, 2048, 2048, 2048, 2048, 2048, 2048, 2048, 2048, 2048, 2048, 1024, 2048, 2048, 2048, 1024, 2048, 2048, 2048, 2048, 1024, 2048, 1024]"
25,50,2,469566,313611,153088,313611,20480,66166,2047.9789064672566,6616.5318518219,153088,153088,469566,66166,469566,False,7,de35c_00000,2024-09-02_13-06-13,1725249973,56.5726478099823,339.98082518577576,206549,v1,143.248.233.21,339.98082518577576,7,153088,313611,469566,313611,45525,4.3298697960381105e-13,-3.3306690738754696e-16,1.0852808550832936e-13,1618.1022727272727,142393,0,17,4.3298697960381105e-13,-3.3306690738754696e-16,1.0852808550832936e-13,17,11579.455,0.006,0.158,0.11,0.011,153088,313611,469566,313611,45525,47.07530864197531,63.5716049382716,25,0.0,0.0,"[0.0, 0.0, 0.0, 0.0, 0.0]",117.65,886.862,9971.204,70601.48,"[0.0, 0.0, 0.0, 0.0, 0.0, 0.0, 0.0, 1.6697754290362354e-13, 0.0, 0.0, 0.0, 4.2099657093785936e-13, 0.0, 3.3306690738754696e-16, 0.0, 0.0, 2.220446049250313e-16, -2.220446049250313e-16, 4.063416270128073e-13, 1.1102230246251565e-16, 0.0, 0.0, 4.001243780749064e-13, 1.1102230246251565e-16, 0.0, 4.218847493575595e-13, 0.0, 2.220446049250313e-16, 3.801403636316536e-13, 3.11972669919669e-13, -2.220446049250313e-16, 1.1102230246251565e-16, 2.220446049250313e-16, 0.0, 0.0, 1.4921397450962104e-13, -3.3306690738754696e-16, 2.602362769721367e-13, 0.0, 0.0, 1.9828583219805296e-13, 3.1308289294429414e-14, 0.0, 4.3298697960381105e-13, 0.0, -2.220446049250313e-16, 0.0, 3.3084646133829665e-13, 0.0, 3.2374103398069565e-13, 4.1944225870338414e-13, 1.1102230246251565e-16, 2.220446049250313e-16, 2.227107387398064e-13, 3.2596148002994596e-13, 3.423927807943983e-13, 2.220446049250313e-16, 4.1944225870338414e-13, 3.852473895449293e-13, 0.0, 4.2721381987576024e-13, 1.1102230246251565e-16, 0.0, 0.0, 4.2521541843143495e-13, 4.2166270475263445e-13, 4.178879464689089e-13, 3.965716643961059e-13, 0.0, 2.220446049250313e-16, 1.312283615106935e-13, 2.220446049250313e-16, 0.0, 4.929390229335695e-14, -2.220446049250313e-16, 1.5920598173124745e-13, 3.341771304121721e-13, 0.0, 0.0, 0.0, 2.220446049250313e-16, 1.1102230246251565e-16, 5.5289106626332796e-14, 0.0, 0.0, 2.8177460364986473e-13, 9.903189379656396e-14, 1.1102230246251565e-16]","[1026, 1026, 1026, 1026, 1026, 1026, 1027, 1026, 1026, 1027, 1026, 2050, 2050, 2050, 1024, 1023, 2050, 2050, 2050, 2050, 2050, 2050, 2050, 2050, 1024, 2050, 2050, 2050, 2048, 2048, 2048, 2048, 2048, 1024, 1024, 1024, 2048, 2048, 1024, 1024, 1024, 2047, 1024, 2048, 1024, 2048, 1024, 2048, 1024, 2048, 2048, 2048, 2048, 2048, 2048, 2048, 2048, 2048, 2048, 1024, 2048, 2048, 2048, 1024, 2048, 2048, 2048, 2048, 1024, 2048, 1024, 2048, 1024, 1026, 2048, 1024, 2048, 5, 1024, 1024, 2048, 2048, 2048, 1024, 1024, 2048, 2048, 2048]"
25,50,2,547065,361851,178688,361851,25600,48240,2559.9988403325565,4823.997814751661,178688,178688,547065,48240,547065,False,8,de35c_00000,2024-09-02_13-07-04,1725250024,50.8614559173584,390.84228110313416,206549,v1,143.248.233.21,390.84228110313416,8,178688,361851,547065,361851,50843,4.3298697960381105e-13,-3.3306690738754696e-16,1.1306289238177669e-13,1628.48,162848,0,24,4.3298697960381105e-13,-3.3306690738754696e-16,1.1306289238177669e-13,24,11382.025,0.006,0.149,0.105,0.01,178688,361851,547065,361851,50843,55.71944444444444,62.92222222222222,29,0.0,0.0,"[0.0, 0.0, 0.0, 0.0, 0.0]",119.614,886.862,10769.381,70601.48,"[0.0, 3.3306690738754696e-16, 0.0, 0.0, 2.220446049250313e-16, -2.220446049250313e-16, 4.063416270128073e-13, 1.1102230246251565e-16, 0.0, 0.0, 4.001243780749064e-13, 1.1102230246251565e-16, 0.0, 4.218847493575595e-13, 0.0, 2.220446049250313e-16, 3.801403636316536e-13, 3.11972669919669e-13, -2.220446049250313e-16, 1.1102230246251565e-16, 2.220446049250313e-16, 0.0, 0.0, 1.4921397450962104e-13, -3.3306690738754696e-16, 2.602362769721367e-13, 0.0, 0.0, 1.9828583219805296e-13, 3.1308289294429414e-14, 0.0, 4.3298697960381105e-13, 0.0, -2.220446049250313e-16, 0.0, 3.3084646133829665e-13, 0.0, 3.2374103398069565e-13, 4.1944225870338414e-13, 1.1102230246251565e-16, 2.220446049250313e-16, 2.227107387398064e-13, 3.2596148002994596e-13, 3.423927807943983e-13, 2.220446049250313e-16, 4.1944225870338414e-13, 3.852473895449293e-13, 0.0, 4.2721381987576024e-13, 1.1102230246251565e-16, 0.0, 0.0, 4.2521541843143495e-13, 4.2166270475263445e-13, 4.178879464689089e-13, 3.965716643961059e-13, 0.0, 2.220446049250313e-16, 1.312283615106935e-13, 2.220446049250313e-16, 0.0, 4.929390229335695e-14, -2.220446049250313e-16, 1.5920598173124745e-13, 3.341771304121721e-13, 0.0, 0.0, 0.0, 2.220446049250313e-16, 1.1102230246251565e-16, 5.5289106626332796e-14, 0.0, 0.0, 2.8177460364986473e-13, 9.903189379656396e-14, 1.1102230246251565e-16, 0.0, 4.0589753780295723e-13, 1.8074430840897548e-13, 0.0, 0.0, 0.0, 2.220446049250313e-16, 0.0, 3.914646384828302e-13, 1.1102230246251565e-16, 2.220446049250313e-16, 3.0464519795714295e-13, 1.7719159473017498e-13, 1.1102230246251565e-16, 0.0, 1.1102230246251565e-16, -2.220446049250313e-16, 3.0375701953744283e-13, 2.220446049250313e-16, 0.0, 4.143352327901084e-13, 1.6497914145929826e-13, 0.0, 0.0]","[2050, 2050, 1024, 1023, 2050, 2050, 2050, 2050, 2050, 2050, 2050, 2050, 1024, 2050, 2050, 2050, 2048, 2048, 2048, 2048, 2048, 1024, 1024, 1024, 2048, 2048, 1024, 1024, 1024, 2047, 1024, 2048, 1024, 2048, 1024, 2048, 1024, 2048, 2048, 2048, 2048, 2048, 2048, 2048, 2048, 2048, 2048, 1024, 2048, 2048, 2048, 1024, 2048, 2048, 2048, 2048, 1024, 2048, 1024, 2048, 1024, 1026, 2048, 1024, 2048, 5, 1024, 1024, 2048, 2048, 2048, 1024, 1024, 2048, 2048, 2048, 1024, 2048, 1024, 1024, 1024, 1024, 1024, 1025, 2048, 2048, 2048, 2048, 1024, 1024, 1024, 2048, 1024, 2048, 2048, 1024, 2048, 1024, 1024, 1024]"
25,50,2,625909,411003,204288,411003,25600,49152,2559.971618966989,4915.145508416619,204288,204288,625909,49152,625909,False,9,de35c_00000,2024-09-02_13-07-49,1725250069,44.951842308044434,435.7941234111786,206549,v1,143.248.233.21,435.7941234111786,9,204288,411003,625909,411003,35312,4.3298697960381105e-13,-3.3306690738754696e-16,1.1707412816974738e-13,1618.15,161815,0,3,4.3298697960381105e-13,-3.3306690738754696e-16,1.1707412816974738e-13,3,11228.48,0.008,0.189,0.129,0.013,204288,411003,625909,411003,35312,51.3046875,64.528125,33,0.0,0.0,"[0.0, 0.0, 0.0, 0.0, 0.0]",143.939,1001.72,11035.667,77089.51,"[0.0, 2.220446049250313e-16, -2.220446049250313e-16, 4.063416270128073e-13, 1.1102230246251565e-16, 0.0, 0.0, 4.001243780749064e-13, 1.1102230246251565e-16, 0.0, 4.218847493575595e-13, 0.0, 2.220446049250313e-16, 3.801403636316536e-13, 3.11972669919669e-13, -2.220446049250313e-16, 1.1102230246251565e-16, 2.220446049250313e-16, 0.0, 0.0, 1.4921397450962104e-13, -3.3306690738754696e-16, 2.602362769721367e-13, 0.0, 0.0, 1.9828583219805296e-13, 3.1308289294429414e-14, 0.0, 4.3298697960381105e-13, 0.0, -2.220446049250313e-16, 0.0, 3.3084646133829665e-13, 0.0, 3.2374103398069565e-13, 4.1944225870338414e-13, 1.1102230246251565e-16, 2.220446049250313e-16, 2.227107387398064e-13, 3.2596148002994596e-13, 3.423927807943983e-13, 2.220446049250313e-16, 4.1944225870338414e-13, 3.852473895449293e-13, 0.0, 4.2721381987576024e-13, 1.1102230246251565e-16, 0.0, 0.0, 4.2521541843143495e-13, 4.2166270475263445e-13, 4.178879464689089e-13, 3.965716643961059e-13, 0.0, 2.220446049250313e-16, 1.312283615106935e-13, 2.220446049250313e-16, 0.0, 4.929390229335695e-14, -2.220446049250313e-16, 1.5920598173124745e-13, 3.341771304121721e-13, 0.0, 0.0, 0.0, 2.220446049250313e-16, 1.1102230246251565e-16, 5.5289106626332796e-14, 0.0, 0.0, 2.8177460364986473e-13, 9.903189379656396e-14, 1.1102230246251565e-16, 0.0, 4.0589753780295723e-13, 1.8074430840897548e-13, 0.0, 0.0, 0.0, 2.220446049250313e-16, 0.0, 3.914646384828302e-13, 1.1102230246251565e-16, 2.220446049250313e-16, 3.0464519795714295e-13, 1.7719159473017498e-13, 1.1102230246251565e-16, 0.0, 1.1102230246251565e-16, -2.220446049250313e-16, 3.0375701953744283e-13, 2.220446049250313e-16, 0.0, 4.143352327901084e-13, 1.6497914145929826e-13, 0.0, 0.0, 4.014566457044566e-13, 0.0, 0.0]","[1023, 2050, 2050, 2050, 2050, 2050, 2050, 2050, 2050, 1024, 2050, 2050, 2050, 2048, 2048, 2048, 2048, 2048, 1024, 1024, 1024, 2048, 2048, 1024, 1024, 1024, 2047, 1024, 2048, 1024, 2048, 1024, 2048, 1024, 2048, 2048, 2048, 2048, 2048, 2048, 2048, 2048, 2048, 2048, 1024, 2048, 2048, 2048, 1024, 2048, 2048, 2048, 2048, 1024, 2048, 1024, 2048, 1024, 1026, 2048, 1024, 2048, 5, 1024, 1024, 2048, 2048, 2048, 1024, 1024, 2048, 2048, 2048, 1024, 2048, 1024, 1024, 1024, 1024, 1024, 1025, 2048, 2048, 2048, 2048, 1024, 1024, 1024, 2048, 1024, 2048, 2048, 1024, 2048, 1024, 1024, 1024, 2043, 1024, 1024]"
25,50,2,704057,462264,229888,462264,25600,51261,2559.9691776171994,5126.03828179044,229888,229888,704057,51261,704057,False,10,de35c_00000,2024-09-02_13-08-39,1725250119,50.28408193588257,486.07820534706116,206549,v1,143.248.233.21,486.07820534706116,10,229888,462264,704057,462264,51030,4.3298697960381105e-13,-2.220446049250313e-16,1.5189738356014005e-13,1658.89,165889,0,24,4.3298697960381105e-13,-2.220446049250313e-16,1.5189738356014005e-13,24,11105.645,0.005,0.132,0.096,0.008,229888,462264,704057,462264,51030,54.60704225352113,63.09577464788734,37,0.0,0.0,"[0.0, 0.0, 0.0, 0.0, 0.0]",141.03,1001.72,9609.811,77089.51,"[0.0, 1.9828583219805296e-13, 3.1308289294429414e-14, 0.0, 4.3298697960381105e-13, 0.0, -2.220446049250313e-16, 0.0, 3.3084646133829665e-13, 0.0, 3.2374103398069565e-13, 4.1944225870338414e-13, 1.1102230246251565e-16, 2.220446049250313e-16, 2.227107387398064e-13, 3.2596148002994596e-13, 3.423927807943983e-13, 2.220446049250313e-16, 4.1944225870338414e-13, 3.852473895449293e-13, 0.0, 4.2721381987576024e-13, 1.1102230246251565e-16, 0.0, 0.0, 4.2521541843143495e-13, 4.2166270475263445e-13, 4.178879464689089e-13, 3.965716643961059e-13, 0.0, 2.220446049250313e-16, 1.312283615106935e-13, 2.220446049250313e-16, 0.0, 4.929390229335695e-14, -2.220446049250313e-16, 1.5920598173124745e-13, 3.341771304121721e-13, 0.0, 0.0, 0.0, 2.220446049250313e-16, 1.1102230246251565e-16, 5.5289106626332796e-14, 0.0, 0.0, 2.8177460364986473e-13, 9.903189379656396e-14, 1.1102230246251565e-16, 0.0, 4.0589753780295723e-13, 1.8074430840897548e-13, 0.0, 0.0, 0.0, 2.220446049250313e-16, 0.0, 3.914646384828302e-13, 1.1102230246251565e-16, 2.220446049250313e-16, 3.0464519795714295e-13, 1.7719159473017498e-13, 1.1102230246251565e-16, 0.0, 1.1102230246251565e-16, -2.220446049250313e-16, 3.0375701953744283e-13, 2.220446049250313e-16, 0.0, 4.143352327901084e-13, 1.6497914145929826e-13, 0.0, 0.0, 4.014566457044566e-13, 0.0, 0.0, 6.661338147750939e-16, 3.672617765460018e-13, 3.774758283725532e-13, 3.3151259515307174e-13, 2.617905892066119e-13, 3.865796571744795e-13, 3.8413716652030416e-13, 0.0, 2.220446049250313e-16, 0.0, 0.0, 4.1255887595070817e-13, 4.2454928461665986e-13, 4.1522341120980855e-13, 3.141931159689193e-13, 3.566036355096003e-13, 9.969802761133906e-14, 4.2654768606098514e-13, 2.220446049250313e-16, 3.921307722976053e-13, 2.7067237340361316e-13, 2.220446049250313e-16, 3.5793590313915047e-13, 2.3225865675158275e-13]","[1024, 1024, 2047, 1024, 2048, 1024, 2048, 1024, 2048, 1024, 2048, 2048, 2048, 2048, 2048, 2048, 2048, 2048, 2048, 2048, 1024, 2048, 2048, 2048, 1024, 2048, 2048, 2048, 2048, 1024, 2048, 1024, 2048, 1024, 1026, 2048, 1024, 2048, 5, 1024, 1024, 2048, 2048, 2048, 1024, 1024, 2048, 2048, 2048, 1024, 2048, 1024, 1024, 1024, 1024, 1024, 1025, 2048, 2048, 2048, 2048, 1024, 1024, 1024, 2048, 1024, 2048, 2048, 1024, 2048, 1024, 1024, 1024, 2043, 1024, 1024, 2048, 2048, 2048, 2048, 2048, 2048, 2048, 2047, 2048, 1024, 1024, 2048, 2048, 2048, 2048, 2048, 2048, 2048, 2048, 2048, 2048, 2048, 2048, 2048]"
25,50,2,787801,515095,255488,515095,25600,52831,2559.9537972206,5283.004650818809,255488,255488,787801,52831,787801,False,11,de35c_00000,2024-09-02_13-09-25,1725250165,45.167686462402344,531.2458918094635,206549,v1,143.248.233.21,531.2458918094635,11,255488,515095,787801,515095,35882,4.3298697960381105e-13,-2.220446049250313e-16,1.503031032967783e-13,1658.9,165890,0,4,4.3298697960381105e-13,-2.220446049250313e-16,1.503031032967783e-13,4,11105.633,0.009,0.203,0.135,0.015,255488,515095,787801,515095,35882,46.665625000000006,64.4203125,41,0.0,0.0,"[0.0, 0.0, 0.0, 0.0, 0.0]",151.456,1084.633,9757.788,79089.049,"[4.3298697960381105e-13, 0.0, -2.220446049250313e-16, 0.0, 3.3084646133829665e-13, 0.0, 3.2374103398069565e-13, 4.1944225870338414e-13, 1.1102230246251565e-16, 2.220446049250313e-16, 2.227107387398064e-13, 3.2596148002994596e-13, 3.423927807943983e-13, 2.220446049250313e-16, 4.1944225870338414e-13, 3.852473895449293e-13, 0.0, 4.2721381987576024e-13, 1.1102230246251565e-16, 0.0, 0.0, 4.2521541843143495e-13, 4.2166270475263445e-13, 4.178879464689089e-13, 3.965716643961059e-13, 0.0, 2.220446049250313e-16, 1.312283615106935e-13, 2.220446049250313e-16, 0.0, 4.929390229335695e-14, -2.220446049250313e-16, 1.5920598173124745e-13, 3.341771304121721e-13, 0.0, 0.0, 0.0, 2.220446049250313e-16, 1.1102230246251565e-16, 5.5289106626332796e-14, 0.0, 0.0, 2.8177460364986473e-13, 9.903189379656396e-14, 1.1102230246251565e-16, 0.0, 4.0589753780295723e-13, 1.8074430840897548e-13, 0.0, 0.0, 0.0, 2.220446049250313e-16, 0.0, 3.914646384828302e-13, 1.1102230246251565e-16, 2.220446049250313e-16, 3.0464519795714295e-13, 1.7719159473017498e-13, 1.1102230246251565e-16, 0.0, 1.1102230246251565e-16, -2.220446049250313e-16, 3.0375701953744283e-13, 2.220446049250313e-16, 0.0, 4.143352327901084e-13, 1.6497914145929826e-13, 0.0, 0.0, 4.014566457044566e-13, 0.0, 0.0, 6.661338147750939e-16, 3.672617765460018e-13, 3.774758283725532e-13, 3.3151259515307174e-13, 2.617905892066119e-13, 3.865796571744795e-13, 3.8413716652030416e-13, 0.0, 2.220446049250313e-16, 0.0, 0.0, 4.1255887595070817e-13, 4.2454928461665986e-13, 4.1522341120980855e-13, 3.141931159689193e-13, 3.566036355096003e-13, 9.969802761133906e-14, 4.2654768606098514e-13, 2.220446049250313e-16, 3.921307722976053e-13, 2.7067237340361316e-13, 2.220446049250313e-16, 3.5793590313915047e-13, 2.3225865675158275e-13, 0.0, 7.016609515630989e-14, 0.0, 0.0]","[2048, 1024, 2048, 1024, 2048, 1024, 2048, 2048, 2048, 2048, 2048, 2048, 2048, 2048, 2048, 2048, 1024, 2048, 2048, 2048, 1024, 2048, 2048, 2048, 2048, 1024, 2048, 1024, 2048, 1024, 1026, 2048, 1024, 2048, 5, 1024, 1024, 2048, 2048, 2048, 1024, 1024, 2048, 2048, 2048, 1024, 2048, 1024, 1024, 1024, 1024, 1024, 1025, 2048, 2048, 2048, 2048, 1024, 1024, 1024, 2048, 1024, 2048, 2048, 1024, 2048, 1024, 1024, 1024, 2043, 1024, 1024, 2048, 2048, 2048, 2048, 2048, 2048, 2048, 2047, 2048, 1024, 1024, 2048, 2048, 2048, 2048, 2048, 2048, 2048, 2048, 2048, 2048, 2048, 2048, 2048, 1024, 2048, 1024, 1024]"
25,50,2,874482,569014,281088,569014,25600,53919,2559.979309249262,5391.856420914491,281088,281088,874482,53919,874482,False,12,de35c_00000,2024-09-02_13-10-15,1725250215,49.973145484924316,581.2190372943878,206549,v1,143.248.233.21,581.2190372943878,12,281088,569014,874482,569014,45977,4.2676973066591017e-13,-2.220446049250313e-16,1.5421330878950812e-13,1710.1,171010,0,21,4.2676973066591017e-13,-2.220446049250313e-16,1.5421330878950812e-13,21,11105.636,0.006,0.151,0.106,0.01,281088,569014,874482,569014,45977,53.05915492957747,63.332394366197185,45,0.0,0.0,"[0.0, 0.0, 0.0, 0.0, 0.0]",127.704,1084.633,9676.24,79089.049,"[4.2521541843143495e-13, 4.2166270475263445e-13, 4.178879464689089e-13, 3.965716643961059e-13, 0.0, 2.220446049250313e-16, 1.312283615106935e-13, 2.220446049250313e-16, 0.0, 4.929390229335695e-14, -2.220446049250313e-16, 1.5920598173124745e-13, 3.341771304121721e-13, 0.0, 0.0, 0.0, 2.220446049250313e-16, 1.1102230246251565e-16, 5.5289106626332796e-14, 0.0, 0.0, 2.8177460364986473e-13, 9.903189379656396e-14, 1.1102230246251565e-16, 0.0, 4.0589753780295723e-13, 1.8074430840897548e-13, 0.0, 0.0, 0.0, 2.220446049250313e-16, 0.0, 3.914646384828302e-13, 1.1102230246251565e-16, 2.220446049250313e-16, 3.0464519795714295e-13, 1.7719159473017498e-13, 1.1102230246251565e-16, 0.0, 1.1102230246251565e-16, -2.220446049250313e-16, 3.0375701953744283e-13, 2.220446049250313e-16, 0.0, 4.143352327901084e-13, 1.6497914145929826e-13, 0.0, 0.0, 4.014566457044566e-13, 0.0, 0.0, 6.661338147750939e-16, 3.672617765460018e-13, 3.774758283725532e-13, 3.3151259515307174e-13, 2.617905892066119e-13, 3.865796571744795e-13, 3.8413716652030416e-13, 0.0, 2.220446049250313e-16, 0.0, 0.0, 4.1255887595070817e-13, 4.2454928461665986e-13, 4.1522341120980855e-13, 3.141931159689193e-13, 3.566036355096003e-13, 9.969802761133906e-14, 4.2654768606098514e-13, 2.220446049250313e-16, 3.921307722976053e-13, 2.7067237340361316e-13, 2.220446049250313e-16, 3.5793590313915047e-13, 2.3225865675158275e-13, 0.0, 7.016609515630989e-14, 0.0, 0.0, 2.220446049250313e-16, -2.220446049250313e-16, -2.220446049250313e-16, 3.8125058665627876e-13, 4.2676973066591017e-13, 4.1167069753100805e-13, 2.220446049250313e-16, 3.894662370385049e-13, 2.220446049250313e-16, 1.6120438317557273e-13, 3.04867242562068e-13, 1.7985612998927536e-14, 4.078959392472825e-13, 1.1524114995609125e-13, 2.220446049250313e-16, 0.0, 4.056754931980322e-13, 3.3217872896784684e-13, 3.999023334699814e-13, 2.666755705149626e-13, 2.220446049250313e-16]","[2048, 2048, 2048, 2048, 1024, 2048, 1024, 2048, 1024, 1026, 2048, 1024, 2048, 5, 1024, 1024, 2048, 2048, 2048, 1024, 1024, 2048, 2048, 2048, 1024, 2048, 1024, 1024, 1024, 1024, 1024, 1025, 2048, 2048, 2048, 2048, 1024, 1024, 1024, 2048, 1024, 2048, 2048, 1024, 2048, 1024, 1024, 1024, 2043, 1024, 1024, 2048, 2048, 2048, 2048, 2048, 2048, 2048, 2047, 2048, 1024, 1024, 2048, 2048, 2048, 2048, 2048, 2048, 2048, 2048, 2048, 2048, 2048, 2048, 2048, 1024, 2048, 1024, 1024, 2048, 2048, 2048, 2048, 2048, 2048, 2048, 2048, 2048, 2048, 2048, 2048, 2048, 2048, 2048, 2048, 2048, 2048, 2048, 2048, 2048]"
25,50,2,957403,621215,306688,621215,25600,52201,2559.983154407725,5220.06565012647,306688,306688,957403,52201,957403,False,13,de35c_00000,2024-09-02_13-11-01,1725250261,46.60724496841431,627.8262822628021,206549,v1,143.248.233.21,627.8262822628021,13,306688,621215,957403,621215,39389,4.2676973066591017e-13,-2.220446049250313e-16,1.4442558260441273e-13,1689.62,168962,0,9,4.2676973066591017e-13,-2.220446049250313e-16,1.4442558260441273e-13,9,11105.64,0.009,0.215,0.149,0.016,306688,621215,957403,621215,39389,50.94179104477612,64.04179104477613,49,0.0,0.0,"[0.0, 0.0, 0.0, 0.0, 0.0]",129.91,1093.998,9620.555,80435.253,"[4.929390229335695e-14, -2.220446049250313e-16, 1.5920598173124745e-13, 3.341771304121721e-13, 0.0, 0.0, 0.0, 2.220446049250313e-16, 1.1102230246251565e-16, 5.5289106626332796e-14, 0.0, 0.0, 2.8177460364986473e-13, 9.903189379656396e-14, 1.1102230246251565e-16, 0.0, 4.0589753780295723e-13, 1.8074430840897548e-13, 0.0, 0.0, 0.0, 2.220446049250313e-16, 0.0, 3.914646384828302e-13, 1.1102230246251565e-16, 2.220446049250313e-16, 3.0464519795714295e-13, 1.7719159473017498e-13, 1.1102230246251565e-16, 0.0, 1.1102230246251565e-16, -2.220446049250313e-16, 3.0375701953744283e-13, 2.220446049250313e-16, 0.0, 4.143352327901084e-13, 1.6497914145929826e-13, 0.0, 0.0, 4.014566457044566e-13, 0.0, 0.0, 6.661338147750939e-16, 3.672617765460018e-13, 3.774758283725532e-13, 3.3151259515307174e-13, 2.617905892066119e-13, 3.865796571744795e-13, 3.8413716652030416e-13, 0.0, 2.220446049250313e-16, 0.0, 0.0, 4.1255887595070817e-13, 4.2454928461665986e-13, 4.1522341120980855e-13, 3.141931159689193e-13, 3.566036355096003e-13, 9.969802761133906e-14, 4.2654768606098514e-13, 2.220446049250313e-16, 3.921307722976053e-13, 2.7067237340361316e-13, 2.220446049250313e-16, 3.5793590313915047e-13, 2.3225865675158275e-13, 0.0, 7.016609515630989e-14, 0.0, 0.0, 2.220446049250313e-16, -2.220446049250313e-16, -2.220446049250313e-16, 3.8125058665627876e-13, 4.2676973066591017e-13, 4.1167069753100805e-13, 2.220446049250313e-16, 3.894662370385049e-13, 2.220446049250313e-16, 1.6120438317557273e-13, 3.04867242562068e-13, 1.7985612998927536e-14, 4.078959392472825e-13, 1.1524114995609125e-13, 2.220446049250313e-16, 0.0, 4.056754931980322e-13, 3.3217872896784684e-13, 3.999023334699814e-13, 2.666755705149626e-13, 2.220446049250313e-16, 6.061817714453355e-14, 2.220446049250313e-16, 3.54605234065275e-13, 0.0, 0.0, 0.0, 0.0, 3.9901415505028126e-13, -2.220446049250313e-16]","[1026, 2048, 1024, 2048, 5, 1024, 1024, 2048, 2048, 2048, 1024, 1024, 2048, 2048, 2048, 1024, 2048, 1024, 1024, 1024, 1024, 1024, 1025, 2048, 2048, 2048, 2048, 1024, 1024, 1024, 2048, 1024, 2048, 2048, 1024, 2048, 1024, 1024, 1024, 2043, 1024, 1024, 2048, 2048, 2048, 2048, 2048, 2048, 2048, 2047, 2048, 1024, 1024, 2048, 2048, 2048, 2048, 2048, 2048, 2048, 2048, 2048, 2048, 2048, 2048, 2048, 1024, 2048, 1024, 1024, 2048, 2048, 2048, 2048, 2048, 2048, 2048, 2048, 2048, 2048, 2048, 2048, 2048, 2048, 2048, 2048, 2048, 2048, 2048, 2048, 2048, 1024, 2048, 2048, 1024, 1024, 1024, 1024, 2048, 2048]"
25,50,2,1040299,673418,332288,673418,25600,52203,2559.971618966989,5220.242125973974,332288,332288,1040299,52203,1040299,False,14,de35c_00000,2024-09-02_13-11-53,1725250313,51.70284581184387,679.529128074646,206549,v1,143.248.233.21,679.529128074646,14,332288,673418,1040299,673418,46010,4.2676973066591017e-13,-3.3306690738754696e-16,1.4874212972415535e-13,1771.49,177149,0,19,4.2676973066591017e-13,-3.3306690738754696e-16,1.4874212972415535e-13,19,11105.646,0.006,0.143,0.105,0.008,332288,673418,1040299,673418,46010,52.07123287671233,63.64383561643836,53,0.0,0.0,"[0.0, 0.0, 0.0, 0.0, 0.0]",119.226,1093.998,9742.766,80435.253,"[0.0, 0.0, 2.220446049250313e-16, 0.0, 3.914646384828302e-13, 1.1102230246251565e-16, 2.220446049250313e-16, 3.0464519795714295e-13, 1.7719159473017498e-13, 1.1102230246251565e-16, 0.0, 1.1102230246251565e-16, -2.220446049250313e-16, 3.0375701953744283e-13, 2.220446049250313e-16, 0.0, 4.143352327901084e-13, 1.6497914145929826e-13, 0.0, 0.0, 4.014566457044566e-13, 0.0, 0.0, 6.661338147750939e-16, 3.672617765460018e-13, 3.774758283725532e-13, 3.3151259515307174e-13, 2.617905892066119e-13, 3.865796571744795e-13, 3.8413716652030416e-13, 0.0, 2.220446049250313e-16, 0.0, 0.0, 4.1255887595070817e-13, 4.2454928461665986e-13, 4.1522341120980855e-13, 3.141931159689193e-13, 3.566036355096003e-13, 9.969802761133906e-14, 4.2654768606098514e-13, 2.220446049250313e-16, 3.921307722976053e-13, 2.7067237340361316e-13, 2.220446049250313e-16, 3.5793590313915047e-13, 2.3225865675158275e-13, 0.0, 7.016609515630989e-14, 0.0, 0.0, 2.220446049250313e-16, -2.220446049250313e-16, -2.220446049250313e-16, 3.8125058665627876e-13, 4.2676973066591017e-13, 4.1167069753100805e-13, 2.220446049250313e-16, 3.894662370385049e-13, 2.220446049250313e-16, 1.6120438317557273e-13, 3.04867242562068e-13, 1.7985612998927536e-14, 4.078959392472825e-13, 1.1524114995609125e-13, 2.220446049250313e-16, 0.0, 4.056754931980322e-13, 3.3217872896784684e-13, 3.999023334699814e-13, 2.666755705149626e-13, 2.220446049250313e-16, 6.061817714453355e-14, 2.220446049250313e-16, 3.54605234065275e-13, 0.0, 0.0, 0.0, 0.0, 3.9901415505028126e-13, -2.220446049250313e-16, -2.220446049250313e-16, -3.3306690738754696e-16, 0.0, 0.0, 3.623767952376511e-13, 0.0, 0.0, 2.220446049250313e-16, -3.3306690738754696e-16, 3.3306690738754696e-16, 3.7414515929867775e-13, 1.1879386363489175e-13, -2.220446049250313e-16, 3.723688024592775e-13, 4.1611158962950867e-13, 0.0, 1.1102230246251565e-16, 3.5371705564557487e-13, 2.220446049250313e-16]","[1024, 1024, 1024, 1025, 2048, 2048, 2048, 2048, 1024, 1024, 1024, 2048, 1024, 2048, 2048, 1024, 2048, 1024, 1024, 1024, 2043, 1024, 1024, 2048, 2048, 2048, 2048, 2048, 2048, 2048, 2047, 2048, 1024, 1024, 2048, 2048, 2048, 2048, 2048, 2048, 2048, 2048, 2048, 2048, 2048, 2048, 2048, 1024, 2048, 1024, 1024, 2048, 2048, 2048, 2048, 2048, 2048, 2048, 2048, 2048, 2048, 2048, 2048, 2048, 2048, 2048, 2048, 2048, 2048, 2048, 2048, 2048, 1024, 2048, 2048, 1024, 1024, 1024, 1024, 2048, 2048, 2048, 2048, 1024, 1024, 2048, 2048, 1025, 2048, 2048, 2048, 2049, 2048, 2048, 2048, 2048, 2048, 2048, 2048, 2048]"
25,50,2,1113510,721537,357888,721537,25600,48119,2559.9715579331873,4811.846538913556,357888,357888,1113510,48119,1113510,False,15,de35c_00000,2024-09-02_13-12-42,1725250362,48.617976665496826,728.1471047401428,206549,v1,143.248.233.21,728.1471047401428,15,357888,721537,1113510,721537,44141,4.298783551348606e-13,-3.3306690738754696e-16,1.5302425993013457e-13,1761.23,176123,0,16,4.298783551348606e-13,-3.3306690738754696e-16,1.5302425993013457e-13,16,11105.645,0.007,0.166,0.117,0.012,357888,721537,1113510,721537,44141,52.323188405797104,63.82463768115943,57,0.0,0.0,"[0.0, 0.0, 0.0, 0.0, 0.0]",131.184,1074.871,9825.202,81939.139,"[4.143352327901084e-13, 1.6497914145929826e-13, 0.0, 0.0, 4.014566457044566e-13, 0.0, 0.0, 6.661338147750939e-16, 3.672617765460018e-13, 3.774758283725532e-13, 3.3151259515307174e-13, 2.617905892066119e-13, 3.865796571744795e-13, 3.8413716652030416e-13, 0.0, 2.220446049250313e-16, 0.0, 0.0, 4.1255887595070817e-13, 4.2454928461665986e-13, 4.1522341120980855e-13, 3.141931159689193e-13, 3.566036355096003e-13, 9.969802761133906e-14, 4.2654768606098514e-13, 2.220446049250313e-16, 3.921307722976053e-13, 2.7067237340361316e-13, 2.220446049250313e-16, 3.5793590313915047e-13, 2.3225865675158275e-13, 0.0, 7.016609515630989e-14, 0.0, 0.0, 2.220446049250313e-16, -2.220446049250313e-16, -2.220446049250313e-16, 3.8125058665627876e-13, 4.2676973066591017e-13, 4.1167069753100805e-13, 2.220446049250313e-16, 3.894662370385049e-13, 2.220446049250313e-16, 1.6120438317557273e-13, 3.04867242562068e-13, 1.7985612998927536e-14, 4.078959392472825e-13, 1.1524114995609125e-13, 2.220446049250313e-16, 0.0, 4.056754931980322e-13, 3.3217872896784684e-13, 3.999023334699814e-13, 2.666755705149626e-13, 2.220446049250313e-16, 6.061817714453355e-14, 2.220446049250313e-16, 3.54605234065275e-13, 0.0, 0.0, 0.0, 0.0, 3.9901415505028126e-13, -2.220446049250313e-16, -2.220446049250313e-16, -3.3306690738754696e-16, 0.0, 0.0, 3.623767952376511e-13, 0.0, 0.0, 2.220446049250313e-16, -3.3306690738754696e-16, 3.3306690738754696e-16, 3.7414515929867775e-13, 1.1879386363489175e-13, -2.220446049250313e-16, 3.723688024592775e-13, 4.1611158962950867e-13, 0.0, 1.1102230246251565e-16, 3.5371705564557487e-13, 2.220446049250313e-16, 0.0, 0.0, 0.0, 0.0, 0.0, 0.0, 0.0, 2.220446049250313e-16, 4.276579090856103e-13, 0.0, 3.936850845320805e-13, 4.298783551348606e-13, 3.5438318946034997e-13, 0.0, 2.220446049250313e-16, 0.0]","[2048, 1024, 1024, 1024, 2043, 1024, 1024, 2048, 2048, 2048, 2048, 2048, 2048, 2048, 2047, 2048, 1024, 1024, 2048, 2048, 2048, 2048, 2048, 2048, 2048, 2048, 2048, 2048, 2048, 2048, 2048, 1024, 2048, 1024, 1024, 2048, 2048, 2048, 2048, 2048, 2048, 2048, 2048, 2048, 2048, 2048, 2048, 2048, 2048, 2048, 2048, 2048, 2048, 2048, 2048, 2048, 1024, 2048, 2048, 1024, 1024, 1024, 1024, 2048, 2048, 2048, 2048, 1024, 1024, 2048, 2048, 1025, 2048, 2048, 2048, 2049, 2048, 2048, 2048, 2048, 2048, 2048, 2048, 2048, 1024, 1024, 1024, 1024, 1024, 1024, 1023, 2048, 2048, 1024, 2048, 2048, 2048, 1024, 2048, 1024]"
25,50,2,1190302,770681,383488,770681,25600,49144,2559.973083779098,4914.348329267187,383488,383488,1190302,49144,1190302,False,16,de35c_00000,2024-09-02_13-13-29,1725250409,47.37521433830261,775.5223190784454,206549,v1,143.248.233.21,775.5223190784454,16,383488,770681,1190302,770681,44564,4.298783551348606e-13,-3.3306690738754696e-16,1.450373154909812e-13,1771.51,177151,0,13,4.298783551348606e-13,-3.3306690738754696e-16,1.450373154909812e-13,13,10000.11,0.006,0.155,0.11,0.01,383488,770681,1190302,770681,44564,48.23582089552239,64.07014925373136,61,0.0,0.0,"[0.0, 0.0, 0.0, 0.0, 0.0]",130.69,1074.871,10140.513,81939.139,"[3.8413716652030416e-13, 0.0, 2.220446049250313e-16, 0.0, 0.0, 4.1255887595070817e-13, 4.2454928461665986e-13, 4.1522341120980855e-13, 3.141931159689193e-13, 3.566036355096003e-13, 9.969802761133906e-14, 4.2654768606098514e-13, 2.220446049250313e-16, 3.921307722976053e-13, 2.7067237340361316e-13, 2.220446049250313e-16, 3.5793590313915047e-13, 2.3225865675158275e-13, 0.0, 7.016609515630989e-14, 0.0, 0.0, 2.220446049250313e-16, -2.220446049250313e-16, -2.220446049250313e-16, 3.8125058665627876e-13, 4.2676973066591017e-13, 4.1167069753100805e-13, 2.220446049250313e-16, 3.894662370385049e-13, 2.220446049250313e-16, 1.6120438317557273e-13, 3.04867242562068e-13, 1.7985612998927536e-14, 4.078959392472825e-13, 1.1524114995609125e-13, 2.220446049250313e-16, 0.0, 4.056754931980322e-13, 3.3217872896784684e-13, 3.999023334699814e-13, 2.666755705149626e-13, 2.220446049250313e-16, 6.061817714453355e-14, 2.220446049250313e-16, 3.54605234065275e-13, 0.0, 0.0, 0.0, 0.0, 3.9901415505028126e-13, -2.220446049250313e-16, -2.220446049250313e-16, -3.3306690738754696e-16, 0.0, 0.0, 3.623767952376511e-13, 0.0, 0.0, 2.220446049250313e-16, -3.3306690738754696e-16, 3.3306690738754696e-16, 3.7414515929867775e-13, 1.1879386363489175e-13, -2.220446049250313e-16, 3.723688024592775e-13, 4.1611158962950867e-13, 0.0, 1.1102230246251565e-16, 3.5371705564557487e-13, 2.220446049250313e-16, 0.0, 0.0, 0.0, 0.0, 0.0, 0.0, 0.0, 2.220446049250313e-16, 4.276579090856103e-13, 0.0, 3.936850845320805e-13, 4.298783551348606e-13, 3.5438318946034997e-13, 0.0, 2.220446049250313e-16, 0.0, 0.0, 2.220446049250313e-16, 2.220446049250313e-16, 4.1722181265413383e-13, 3.1885605267234496e-13, 4.0811798385220754e-13, -2.220446049250313e-16, 2.220446049250313e-16, 3.519406988061746e-13, 0.0, 0.0, 4.107825191113079e-13, 0.0]","[2048, 2047, 2048, 1024, 1024, 2048, 2048, 2048, 2048, 2048, 2048, 2048, 2048, 2048, 2048, 2048, 2048, 2048, 1024, 2048, 1024, 1024, 2048, 2048, 2048, 2048, 2048, 2048, 2048, 2048, 2048, 2048, 2048, 2048, 2048, 2048, 2048, 2048, 2048, 2048, 2048, 2048, 2048, 1024, 2048, 2048, 1024, 1024, 1024, 1024, 2048, 2048, 2048, 2048, 1024, 1024, 2048, 2048, 1025, 2048, 2048, 2048, 2049, 2048, 2048, 2048, 2048, 2048, 2048, 2048, 2048, 1024, 1024, 1024, 1024, 1024, 1024, 1023, 2048, 2048, 1024, 2048, 2048, 2048, 1024, 2048, 1024, 1024, 2048, 2048, 2047, 2048, 2048, 2048, 2048, 2048, 1024, 1024, 2048, 1024]"
25,50,2,1262502,817279,409088,817279,25600,46598,2559.9494028555164,4659.707901338334,409088,409088,1262502,46598,1262502,False,17,de35c_00000,2024-09-02_13-14-17,1725250457,48.184751987457275,823.7070710659027,206549,v1,143.248.233.21,823.7070710659027,17,409088,817279,1262502,817279,43262,4.298783551348606e-13,-3.3306690738754696e-16,1.326494469822137e-13,1771.53,177153,0,14,4.298783551348606e-13,-3.3306690738754696e-16,1.326494469822137e-13,14,10000.119,0.009,0.175,0.122,0.011,409088,817279,1262502,817279,43262,53.985507246376805,63.82753623188406,65,0.0,0.0,"[0.0, 0.0, 0.0, 0.0, 0.0]",136.207,1053.022,9710.107,83048.777,"[2.7067237340361316e-13, 2.220446049250313e-16, 3.5793590313915047e-13, 2.3225865675158275e-13, 0.0, 7.016609515630989e-14, 0.0, 0.0, 2.220446049250313e-16, -2.220446049250313e-16, -2.220446049250313e-16, 3.8125058665627876e-13, 4.2676973066591017e-13, 4.1167069753100805e-13, 2.220446049250313e-16, 3.894662370385049e-13, 2.220446049250313e-16, 1.6120438317557273e-13, 3.04867242562068e-13, 1.7985612998927536e-14, 4.078959392472825e-13, 1.1524114995609125e-13, 2.220446049250313e-16, 0.0, 4.056754931980322e-13, 3.3217872896784684e-13, 3.999023334699814e-13, 2.666755705149626e-13, 2.220446049250313e-16, 6.061817714453355e-14, 2.220446049250313e-16, 3.54605234065275e-13, 0.0, 0.0, 0.0, 0.0, 3.9901415505028126e-13, -2.220446049250313e-16, -2.220446049250313e-16, -3.3306690738754696e-16, 0.0, 0.0, 3.623767952376511e-13, 0.0, 0.0, 2.220446049250313e-16, -3.3306690738754696e-16, 3.3306690738754696e-16, 3.7414515929867775e-13, 1.1879386363489175e-13, -2.220446049250313e-16, 3.723688024592775e-13, 4.1611158962950867e-13, 0.0, 1.1102230246251565e-16, 3.5371705564557487e-13, 2.220446049250313e-16, 0.0, 0.0, 0.0, 0.0, 0.0, 0.0, 0.0, 2.220446049250313e-16, 4.276579090856103e-13, 0.0, 3.936850845320805e-13, 4.298783551348606e-13, 3.5438318946034997e-13, 0.0, 2.220446049250313e-16, 0.0, 0.0, 2.220446049250313e-16, 2.220446049250313e-16, 4.1722181265413383e-13, 3.1885605267234496e-13, 4.0811798385220754e-13, -2.220446049250313e-16, 2.220446049250313e-16, 3.519406988061746e-13, 0.0, 0.0, 4.107825191113079e-13, 0.0, 0.0, 1.1102230246251565e-16, 8.08242361927114e-14, 3.9812597663058114e-13, 3.1907809727727e-13, 4.0811798385220754e-13, 0.0, 3.788080960021034e-13, -2.220446049250313e-16, 0.0, 0.0, 1.1102230246251565e-16, 4.0234482412415673e-13, 0.0]","[2048, 2048, 2048, 2048, 1024, 2048, 1024, 1024, 2048, 2048, 2048, 2048, 2048, 2048, 2048, 2048, 2048, 2048, 2048, 2048, 2048, 2048, 2048, 2048, 2048, 2048, 2048, 2048, 2048, 1024, 2048, 2048, 1024, 1024, 1024, 1024, 2048, 2048, 2048, 2048, 1024, 1024, 2048, 2048, 1025, 2048, 2048, 2048, 2049, 2048, 2048, 2048, 2048, 2048, 2048, 2048, 2048, 1024, 1024, 1024, 1024, 1024, 1024, 1023, 2048, 2048, 1024, 2048, 2048, 2048, 1024, 2048, 1024, 1024, 2048, 2048, 2047, 2048, 2048, 2048, 2048, 2048, 1024, 1024, 2048, 1024, 2048, 2048, 2048, 2048, 2048, 2048, 2048, 2048, 2048, 1024, 1025, 2048, 2048, 2048]"
25,50,2,1338269,862849,434688,862849,25600,45570,2559.955872342689,4556.921449322513,434688,434688,1338269,45570,1338269,False,18,de35c_00000,2024-09-02_13-15-05,1725250505,47.392268657684326,871.099339723587,206549,v1,143.248.233.21,871.099339723587,18,434688,862849,1338269,862849,43534,4.298783551348606e-13,-3.3306690738754696e-16,1.2257084236466653e-13,1781.79,178179,0,13,4.298783551348606e-13,-3.3306690738754696e-16,1.2257084236466653e-13,13,10000.135,0.006,0.148,0.107,0.009,434688,862849,1338269,862849,43534,50.30298507462687,63.98208955223881,69,0.0,0.0,"[0.0, 0.0, 0.0, 0.0, 0.0]",123.17,1053.022,9640.998,83048.777,"[4.1167069753100805e-13, 2.220446049250313e-16, 3.894662370385049e-13, 2.220446049250313e-16, 1.6120438317557273e-13, 3.04867242562068e-13, 1.7985612998927536e-14, 4.078959392472825e-13, 1.1524114995609125e-13, 2.220446049250313e-16, 0.0, 4.056754931980322e-13, 3.3217872896784684e-13, 3.999023334699814e-13, 2.666755705149626e-13, 2.220446049250313e-16, 6.061817714453355e-14, 2.220446049250313e-16, 3.54605234065275e-13, 0.0, 0.0, 0.0, 0.0, 3.9901415505028126e-13, -2.220446049250313e-16, -2.220446049250313e-16, -3.3306690738754696e-16, 0.0, 0.0, 3.623767952376511e-13, 0.0, 0.0, 2.220446049250313e-16, -3.3306690738754696e-16, 3.3306690738754696e-16, 3.7414515929867775e-13, 1.1879386363489175e-13, -2.220446049250313e-16, 3.723688024592775e-13, 4.1611158962950867e-13, 0.0, 1.1102230246251565e-16, 3.5371705564557487e-13, 2.220446049250313e-16, 0.0, 0.0, 0.0, 0.0, 0.0, 0.0, 0.0, 2.220446049250313e-16, 4.276579090856103e-13, 0.0, 3.936850845320805e-13, 4.298783551348606e-13, 3.5438318946034997e-13, 0.0, 2.220446049250313e-16, 0.0, 0.0, 2.220446049250313e-16, 2.220446049250313e-16, 4.1722181265413383e-13, 3.1885605267234496e-13, 4.0811798385220754e-13, -2.220446049250313e-16, 2.220446049250313e-16, 3.519406988061746e-13, 0.0, 0.0, 4.107825191113079e-13, 0.0, 0.0, 1.1102230246251565e-16, 8.08242361927114e-14, 3.9812597663058114e-13, 3.1907809727727e-13, 4.0811798385220754e-13, 0.0, 3.788080960021034e-13, -2.220446049250313e-16, 0.0, 0.0, 1.1102230246251565e-16, 4.0234482412415673e-13, 0.0, 2.220446049250313e-16, 3.943512183468556e-13, -2.220446049250313e-16, -2.220446049250313e-16, 0.0, 3.3706371027619753e-13, 0.0, 0.0, 0.0, 0.0, 0.0, 0.0, 0.0]","[2048, 2048, 2048, 2048, 2048, 2048, 2048, 2048, 2048, 2048, 2048, 2048, 2048, 2048, 2048, 2048, 1024, 2048, 2048, 1024, 1024, 1024, 1024, 2048, 2048, 2048, 2048, 1024, 1024, 2048, 2048, 1025, 2048, 2048, 2048, 2049, 2048, 2048, 2048, 2048, 2048, 2048, 2048, 2048, 1024, 1024, 1024, 1024, 1024, 1024, 1023, 2048, 2048, 1024, 2048, 2048, 2048, 1024, 2048, 1024, 1024, 2048, 2048, 2047, 2048, 2048, 2048, 2048, 2048, 1024, 1024, 2048, 1024, 2048, 2048, 2048, 2048, 2048, 2048, 2048, 2048, 2048, 1024, 1025, 2048, 2048, 2048, 2048, 2048, 2048, 2048, 2048, 2048, 2048, 1024, 2048, 1026, 2048, 2048, 2048]"
25,50,2,1418133,913017,460288,913017,25600,50168,2559.999694824255,5016.799401950908,460288,460288,1418133,50168,1418133,False,19,de35c_00000,2024-09-02_13-15-54,1725250554,49.0714807510376,920.1708204746246,206549,v1,143.248.233.21,920.1708204746246,19,460288,913017,1418133,913017,42604,4.298783551348606e-13,-3.3306690738754696e-16,1.159494722458021e-13,1761.3,176130,0,14,4.298783551348606e-13,-3.3306690738754696e-16,1.159494722458021e-13,14,10000.124,0.007,0.164,0.115,0.011,460288,913017,1418133,913017,42604,49.18857142857142,63.885714285714286,73,0.0,0.0,"[0.0, 0.0, 0.0, 0.0, 0.0]",122.574,1042.316,9662.847,83880.947,"[2.666755705149626e-13, 2.220446049250313e-16, 6.061817714453355e-14, 2.220446049250313e-16, 3.54605234065275e-13, 0.0, 0.0, 0.0, 0.0, 3.9901415505028126e-13, -2.220446049250313e-16, -2.220446049250313e-16, -3.3306690738754696e-16, 0.0, 0.0, 3.623767952376511e-13, 0.0, 0.0, 2.220446049250313e-16, -3.3306690738754696e-16, 3.3306690738754696e-16, 3.7414515929867775e-13, 1.1879386363489175e-13, -2.220446049250313e-16, 3.723688024592775e-13, 4.1611158962950867e-13, 0.0, 1.1102230246251565e-16, 3.5371705564557487e-13, 2.220446049250313e-16, 0.0, 0.0, 0.0, 0.0, 0.0, 0.0, 0.0, 2.220446049250313e-16, 4.276579090856103e-13, 0.0, 3.936850845320805e-13, 4.298783551348606e-13, 3.5438318946034997e-13, 0.0, 2.220446049250313e-16, 0.0, 0.0, 2.220446049250313e-16, 2.220446049250313e-16, 4.1722181265413383e-13, 3.1885605267234496e-13, 4.0811798385220754e-13, -2.220446049250313e-16, 2.220446049250313e-16, 3.519406988061746e-13, 0.0, 0.0, 4.107825191113079e-13, 0.0, 0.0, 1.1102230246251565e-16, 8.08242361927114e-14, 3.9812597663058114e-13, 3.1907809727727e-13, 4.0811798385220754e-13, 0.0, 3.788080960021034e-13, -2.220446049250313e-16, 0.0, 0.0, 1.1102230246251565e-16, 4.0234482412415673e-13, 0.0, 2.220446049250313e-16, 3.943512183468556e-13, -2.220446049250313e-16, -2.220446049250313e-16, 0.0, 3.3706371027619753e-13, 0.0, 0.0, 0.0, 0.0, 0.0, 0.0, 0.0, 0.0, -2.220446049250313e-16, 3.781419621873283e-13, 0.0, 3.6770586575585185e-13, 3.3928415632544784e-13, -2.220446049250313e-16, 4.156675004196586e-13, 0.0, 2.220446049250313e-16, 4.2943426592501055e-13, 3.54605234065275e-13, -2.220446049250313e-16, 2.220446049250313e-16]","[2048, 2048, 1024, 2048, 2048, 1024, 1024, 1024, 1024, 2048, 2048, 2048, 2048, 1024, 1024, 2048, 2048, 1025, 2048, 2048, 2048, 2049, 2048, 2048, 2048, 2048, 2048, 2048, 2048, 2048, 1024, 1024, 1024, 1024, 1024, 1024, 1023, 2048, 2048, 1024, 2048, 2048, 2048, 1024, 2048, 1024, 1024, 2048, 2048, 2047, 2048, 2048, 2048, 2048, 2048, 1024, 1024, 2048, 1024, 2048, 2048, 2048, 2048, 2048, 2048, 2048, 2048, 2048, 1024, 1025, 2048, 2048, 2048, 2048, 2048, 2048, 2048, 2048, 2048, 2048, 1024, 2048, 1026, 2048, 2048, 2048, 1024, 2048, 2048, 2048, 2048, 2048, 2048, 2048, 1024, 2048, 2047, 2048, 2048, 2048]"
25,50,2,1495442,964314,485888,964314,25600,51297,2559.9827882016593,5129.665511186739,485888,485888,1495442,51297,1495442,False,20,de35c_00000,2024-09-02_13-16-42,1725250602,48.64228963851929,968.8131101131439,206549,v1,143.248.233.21,968.8131101131439,20,485888,964314,1495442,964314,43971,4.298783551348606e-13,-3.3306690738754696e-16,1.2182144182304455e-13,1792.0,179200,0,15,4.298783551348606e-13,-3.3306690738754696e-16,1.2182144182304455e-13,15,10000.119,0.007,0.167,0.12,0.01,485888,964314,1495442,964314,43971,50.93478260869565,63.87536231884056,77,0.0,0.0,"[0.0, 0.0, 0.0, 0.0, 0.0]",121.055,1042.316,9765.806,83880.947,"[3.623767952376511e-13, 0.0, 0.0, 2.220446049250313e-16, -3.3306690738754696e-16, 3.3306690738754696e-16, 3.7414515929867775e-13, 1.1879386363489175e-13, -2.220446049250313e-16, 3.723688024592775e-13, 4.1611158962950867e-13, 0.0, 1.1102230246251565e-16, 3.5371705564557487e-13, 2.220446049250313e-16, 0.0, 0.0, 0.0, 0.0, 0.0, 0.0, 0.0, 2.220446049250313e-16, 4.276579090856103e-13, 0.0, 3.936850845320805e-13, 4.298783551348606e-13, 3.5438318946034997e-13, 0.0, 2.220446049250313e-16, 0.0, 0.0, 2.220446049250313e-16, 2.220446049250313e-16, 4.1722181265413383e-13, 3.1885605267234496e-13, 4.0811798385220754e-13, -2.220446049250313e-16, 2.220446049250313e-16, 3.519406988061746e-13, 0.0, 0.0, 4.107825191113079e-13, 0.0, 0.0, 1.1102230246251565e-16, 8.08242361927114e-14, 3.9812597663058114e-13, 3.1907809727727e-13, 4.0811798385220754e-13, 0.0, 3.788080960021034e-13, -2.220446049250313e-16, 0.0, 0.0, 1.1102230246251565e-16, 4.0234482412415673e-13, 0.0, 2.220446049250313e-16, 3.943512183468556e-13, -2.220446049250313e-16, -2.220446049250313e-16, 0.0, 3.3706371027619753e-13, 0.0, 0.0, 0.0, 0.0, 0.0, 0.0, 0.0, 0.0, -2.220446049250313e-16, 3.781419621873283e-13, 0.0, 3.6770586575585185e-13, 3.3928415632544784e-13, -2.220446049250313e-16, 4.156675004196586e-13, 0.0, 2.220446049250313e-16, 4.2943426592501055e-13, 3.54605234065275e-13, -2.220446049250313e-16, 2.220446049250313e-16, 4.269917752708352e-13, 0.0, 0.0, 0.0, 0.0, 2.220446049250313e-16, 0.0, 3.3306690738754696e-16, 9.248157795127554e-14, 4.0323300254385686e-13, 3.608224830031759e-13, 0.0, 2.353672812205332e-14, 3.601563491884008e-13, 0.0]","[2048, 2048, 1025, 2048, 2048, 2048, 2049, 2048, 2048, 2048, 2048, 2048, 2048, 2048, 2048, 1024, 1024, 1024, 1024, 1024, 1024, 1023, 2048, 2048, 1024, 2048, 2048, 2048, 1024, 2048, 1024, 1024, 2048, 2048, 2047, 2048, 2048, 2048, 2048, 2048, 1024, 1024, 2048, 1024, 2048, 2048, 2048, 2048, 2048, 2048, 2048, 2048, 2048, 1024, 1025, 2048, 2048, 2048, 2048, 2048, 2048, 2048, 2048, 2048, 2048, 1024, 2048, 1026, 2048, 2048, 2048, 1024, 2048, 2048, 2048, 2048, 2048, 2048, 2048, 1024, 2048, 2047, 2048, 2048, 2048, 2048, 1024, 1024, 2048, 2048, 2048, 1024, 2048, 2048, 2048, 2048, 2046, 2048, 2048, 1024]"
25,50,2,1575811,1012435,511488,1012435,25600,48121,2559.984680267459,4812.071203091813,511488,511488,1575811,48121,1575811,False,21,de35c_00000,2024-09-02_13-17-30,1725250650,47.282851457595825,1016.0959615707397,206549,v1,143.248.233.21,1016.0959615707397,21,511488,1012435,1575811,1012435,42627,4.298783551348606e-13,-2.220446049250313e-16,1.2056688980521813e-13,1761.26,176126,0,14,4.298783551348606e-13,-2.220446049250313e-16,1.2056688980521813e-13,14,10000.107,0.006,0.153,0.108,0.01,511488,1012435,1575811,1012435,42627,51.55820895522388,63.762686567164174,81,0.0,0.0,"[0.0, 0.0, 0.0, 0.0, 0.0]",136.152,1044.955,9863.573,89126.313,"[2.220446049250313e-16, 0.0, 0.0, 0.0, 0.0, 0.0, 0.0, 0.0, 2.220446049250313e-16, 4.276579090856103e-13, 0.0, 3.936850845320805e-13, 4.298783551348606e-13, 3.5438318946034997e-13, 0.0, 2.220446049250313e-16, 0.0, 0.0, 2.220446049250313e-16, 2.220446049250313e-16, 4.1722181265413383e-13, 3.1885605267234496e-13, 4.0811798385220754e-13, -2.220446049250313e-16, 2.220446049250313e-16, 3.519406988061746e-13, 0.0, 0.0, 4.107825191113079e-13, 0.0, 0.0, 1.1102230246251565e-16, 8.08242361927114e-14, 3.9812597663058114e-13, 3.1907809727727e-13, 4.0811798385220754e-13, 0.0, 3.788080960021034e-13, -2.220446049250313e-16, 0.0, 0.0, 1.1102230246251565e-16, 4.0234482412415673e-13, 0.0, 2.220446049250313e-16, 3.943512183468556e-13, -2.220446049250313e-16, -2.220446049250313e-16, 0.0, 3.3706371027619753e-13, 0.0, 0.0, 0.0, 0.0, 0.0, 0.0, 0.0, 0.0, -2.220446049250313e-16, 3.781419621873283e-13, 0.0, 3.6770586575585185e-13, 3.3928415632544784e-13, -2.220446049250313e-16, 4.156675004196586e-13, 0.0, 2.220446049250313e-16, 4.2943426592501055e-13, 3.54605234065275e-13, -2.220446049250313e-16, 2.220446049250313e-16, 4.269917752708352e-13, 0.0, 0.0, 0.0, 0.0, 2.220446049250313e-16, 0.0, 3.3306690738754696e-16, 9.248157795127554e-14, 4.0323300254385686e-13, 3.608224830031759e-13, 0.0, 2.353672812205332e-14, 3.601563491884008e-13, 0.0, 0.0, 0.0, 4.249933738265099e-13, 1.7719159473017498e-13, 0.0, 2.220446049250313e-16, 1.1102230246251565e-16, 2.220446049250313e-14, 0.0, 4.118927421359331e-13, 4.2943426592501055e-13, 2.220446049250313e-16, -2.220446049250313e-16, 4.0611958240788226e-13]","[2048, 1024, 1024, 1024, 1024, 1024, 1024, 1023, 2048, 2048, 1024, 2048, 2048, 2048, 1024, 2048, 1024, 1024, 2048, 2048, 2047, 2048, 2048, 2048, 2048, 2048, 1024, 1024, 2048, 1024, 2048, 2048, 2048, 2048, 2048, 2048, 2048, 2048, 2048, 1024, 1025, 2048, 2048, 2048, 2048, 2048, 2048, 2048, 2048, 2048, 2048, 1024, 2048, 1026, 2048, 2048, 2048, 1024, 2048, 2048, 2048, 2048, 2048, 2048, 2048, 1024, 2048, 2047, 2048, 2048, 2048, 2048, 1024, 1024, 2048, 2048, 2048, 1024, 2048, 2048, 2048, 2048, 2046, 2048, 2048, 1024, 1024, 2048, 2048, 1024, 2048, 2048, 2048, 1024, 1024, 2048, 2048, 2048, 2048, 2048]"
25,50,2,1654448,1064651,537088,1064651,25600,52216,2559.9727175759135,5221.544352380621,537088,537088,1654448,52216,1654448,False,22,de35c_00000,2024-09-02_13-18-20,1725250700,49.90693473815918,1066.002896308899,206549,v1,143.248.233.21,1066.002896308899,22,537088,1064651,1654448,1064651,42423,4.2943426592501055e-13,-2.220446049250313e-16,1.2669754134719825e-13,1812.47,181247,0,14,4.2943426592501055e-13,-2.220446049250313e-16,1.2669754134719825e-13,14,10000.11,0.007,0.165,0.113,0.011,537088,1064651,1654448,1064651,42423,47.05352112676054,63.991549295774654,85,0.0,0.0,"[0.0, 0.0, 0.0, 0.0, 0.0]",149.675,1044.955,9716.664,89126.313,"[0.0, 2.220446049250313e-16, 0.0, 0.0, 2.220446049250313e-16, 2.220446049250313e-16, 4.1722181265413383e-13, 3.1885605267234496e-13, 4.0811798385220754e-13, -2.220446049250313e-16, 2.220446049250313e-16, 3.519406988061746e-13, 0.0, 0.0, 4.107825191113079e-13, 0.0, 0.0, 1.1102230246251565e-16, 8.08242361927114e-14, 3.9812597663058114e-13, 3.1907809727727e-13, 4.0811798385220754e-13, 0.0, 3.788080960021034e-13, -2.220446049250313e-16, 0.0, 0.0, 1.1102230246251565e-16, 4.0234482412415673e-13, 0.0, 2.220446049250313e-16, 3.943512183468556e-13, -2.220446049250313e-16, -2.220446049250313e-16, 0.0, 3.3706371027619753e-13, 0.0, 0.0, 0.0, 0.0, 0.0, 0.0, 0.0, 0.0, -2.220446049250313e-16, 3.781419621873283e-13, 0.0, 3.6770586575585185e-13, 3.3928415632544784e-13, -2.220446049250313e-16, 4.156675004196586e-13, 0.0, 2.220446049250313e-16, 4.2943426592501055e-13, 3.54605234065275e-13, -2.220446049250313e-16, 2.220446049250313e-16, 4.269917752708352e-13, 0.0, 0.0, 0.0, 0.0, 2.220446049250313e-16, 0.0, 3.3306690738754696e-16, 9.248157795127554e-14, 4.0323300254385686e-13, 3.608224830031759e-13, 0.0, 2.353672812205332e-14, 3.601563491884008e-13, 0.0, 0.0, 0.0, 4.249933738265099e-13, 1.7719159473017498e-13, 0.0, 2.220446049250313e-16, 1.1102230246251565e-16, 2.220446049250313e-14, 0.0, 4.118927421359331e-13, 4.2943426592501055e-13, 2.220446049250313e-16, -2.220446049250313e-16, 4.0611958240788226e-13, 3.0242475190789264e-13, 3.3795188869589765e-13, 3.794742298168785e-13, 3.6770586575585185e-13, 4.276579090856103e-13, 0.0, 4.0323300254385686e-13, 0.0, 0.0, 0.0, 1.1102230246251565e-16, 2.220446049250313e-16, 0.0, 3.3306690738754696e-16]","[1024, 2048, 1024, 1024, 2048, 2048, 2047, 2048, 2048, 2048, 2048, 2048, 1024, 1024, 2048, 1024, 2048, 2048, 2048, 2048, 2048, 2048, 2048, 2048, 2048, 1024, 1025, 2048, 2048, 2048, 2048, 2048, 2048, 2048, 2048, 2048, 2048, 1024, 2048, 1026, 2048, 2048, 2048, 1024, 2048, 2048, 2048, 2048, 2048, 2048, 2048, 1024, 2048, 2047, 2048, 2048, 2048, 2048, 1024, 1024, 2048, 2048, 2048, 1024, 2048, 2048, 2048, 2048, 2046, 2048, 2048, 1024, 1024, 2048, 2048, 1024, 2048, 2048, 2048, 1024, 1024, 2048, 2048, 2048, 2048, 2048, 2048, 2048, 2048, 2048, 2048, 1024, 2048, 2048, 2048, 1024, 2048, 2048, 1024, 2048]"
25,50,2,1737170,1116652,562688,1116652,25600,52001,2559.999755859398,5200.099504079866,562688,562688,1737170,52001,1737170,False,23,de35c_00000,2024-09-02_13-19-10,1725250750,50.15556240081787,1116.1584587097168,206549,v1,143.248.233.21,1116.1584587097168,23,562688,1116652,1737170,1116652,42919,4.2943426592501055e-13,-2.220446049250313e-16,1.2067347121558215e-13,1812.48,181248,0,17,4.2943426592501055e-13,-2.220446049250313e-16,1.2067347121558215e-13,17,10000.103,0.008,0.183,0.126,0.013,562688,1116652,1737170,1116652,42919,52.7830985915493,63.683098591549296,89,0.0,0.0,"[0.0, 0.0, 0.0, 0.0, 0.0]",144.236,1038.508,9801.828,88761.227,"[1.1102230246251565e-16, 8.08242361927114e-14, 3.9812597663058114e-13, 3.1907809727727e-13, 4.0811798385220754e-13, 0.0, 3.788080960021034e-13, -2.220446049250313e-16, 0.0, 0.0, 1.1102230246251565e-16, 4.0234482412415673e-13, 0.0, 2.220446049250313e-16, 3.943512183468556e-13, -2.220446049250313e-16, -2.220446049250313e-16, 0.0, 3.3706371027619753e-13, 0.0, 0.0, 0.0, 0.0, 0.0, 0.0, 0.0, 0.0, -2.220446049250313e-16, 3.781419621873283e-13, 0.0, 3.6770586575585185e-13, 3.3928415632544784e-13, -2.220446049250313e-16, 4.156675004196586e-13, 0.0, 2.220446049250313e-16, 4.2943426592501055e-13, 3.54605234065275e-13, -2.220446049250313e-16, 2.220446049250313e-16, 4.269917752708352e-13, 0.0, 0.0, 0.0, 0.0, 2.220446049250313e-16, 0.0, 3.3306690738754696e-16, 9.248157795127554e-14, 4.0323300254385686e-13, 3.608224830031759e-13, 0.0, 2.353672812205332e-14, 3.601563491884008e-13, 0.0, 0.0, 0.0, 4.249933738265099e-13, 1.7719159473017498e-13, 0.0, 2.220446049250313e-16, 1.1102230246251565e-16, 2.220446049250313e-14, 0.0, 4.118927421359331e-13, 4.2943426592501055e-13, 2.220446049250313e-16, -2.220446049250313e-16, 4.0611958240788226e-13, 3.0242475190789264e-13, 3.3795188869589765e-13, 3.794742298168785e-13, 3.6770586575585185e-13, 4.276579090856103e-13, 0.0, 4.0323300254385686e-13, 0.0, 0.0, 0.0, 1.1102230246251565e-16, 2.220446049250313e-16, 0.0, 3.3306690738754696e-16, 4.0034642267983145e-13, 1.9229062786507711e-13, 1.1390888232654106e-13, 0.0, 2.220446049250313e-16, 2.220446049250313e-16, 0.0, 2.220446049250313e-16, 2.220446049250313e-16, 4.1677772344428377e-13, 0.0, 0.0, 0.0, -2.220446049250313e-16, 1.8118839761882555e-13, 0.0, 0.0]","[2048, 2048, 2048, 2048, 2048, 2048, 2048, 2048, 1024, 1025, 2048, 2048, 2048, 2048, 2048, 2048, 2048, 2048, 2048, 2048, 1024, 2048, 1026, 2048, 2048, 2048, 1024, 2048, 2048, 2048, 2048, 2048, 2048, 2048, 1024, 2048, 2047, 2048, 2048, 2048, 2048, 1024, 1024, 2048, 2048, 2048, 1024, 2048, 2048, 2048, 2048, 2046, 2048, 2048, 1024, 1024, 2048, 2048, 1024, 2048, 2048, 2048, 1024, 1024, 2048, 2048, 2048, 2048, 2048, 2048, 2048, 2048, 2048, 2048, 1024, 2048, 2048, 2048, 1024, 2048, 2048, 1024, 2048, 2048, 1024, 2048, 1024, 2048, 2048, 1024, 2048, 2048, 2048, 2048, 2048, 1024, 2048, 1024, 2048, 1024]"
